Workbook
Name cell: #REF!
Name cell: #REF!
Name cell: #REF!
Name gas: #REF!
Name gas: #REF!
Name gas: #REF!
Name UUIDリスト: ユーザーリスト!#REF!
Name リスト: ユーザーリスト!#REF!

Sheet 登録用
A1: invoiceList_format_id | B1: v1.0
A2: data_file_names | D2: basic | E2: basic | F2: basic | G2: sample | H2: sample | I2: sample | K2: sample | L2: sample | M2: sample | N2: sample.general | O2: sample.general | P2: sample.general | Q2: sample.general | R2: sample.general | U2: basic | V2: custom | W2: custom | X2: custom | Y2: custom | Z2: custom | AA2: custom | AB2: custom | AC2: custom | AD2: custom | AE2: custom
A3: name | B3: dataset_title | C3: dataOwner | D3: dataOwnerId | E3: experimentId | F3: description | G3: sampleId | H3: composition | I3: names | K3: ownerId | L3: referenceUrl | M3: description | N3: general-name | O3: sample-shape | P3: purchase-date | Q3: supplier | R3: lot-number-or-product-number-etc | U3: dataName | V3: id | W3: mode | X3: method_category | Y3: method_sub-category | Z3: measurement_environment | AA3: energy_level_transition_structure | AB3: measured_date | AC3: standardized_procedure | AD3: instrumentation_site | AE3: reference
A4: ファイル名 | B4: データセット名 | C4: データ所有者 (選択必須) | D4: NIMS user UUID (必須) ※データ所有者を入力したら自動で表示されます | E4: 実験ID | F4: 説明 | G4: 試料UUID ※登録済の試料を使用するときは UUIDを入力してください | H4: 化学式・組成式・分子式など | I4: 試料名(ローカルID)(必須) | J4: 試料管理者 (選択必須) | K4: 試料管理者UUID (必須) ※試料管理者を入力したら自動で表示されます | L4: 参考URL | M4: 試料の説明 | N4: 一般名称 | O4: 試料形状 | P4: 試料購入日 | Q4: 購入元 | R4: ロット番号、製造番号など | U4: データ名 (必須) | V4: id | W4: mode | X4: 計測法カテゴリー | Y4: 計測法サブカテゴリー | Z4: 測定環境 | AA4: 対象準位_遷移_構造 | AB4: 分析年月日 | AC4: 標準手順 | AD4: 装置設置場所 | AE4: reference
A5: =IF(U5<>"",U5,"") -> CrossBeam550_自動_1.tif | B5: TEST_CB550 | C5: RDE,User01 | D5: =IFERROR(VLOOKUP(C5,ユーザーリスト!$A:$B,2,0),"") -> 00000000000000000000000000000000000000000000000000000001 | I5: 10 | J5: RDE,User01 | K5: =IFERROR(VLOOKUP(J5,ユーザーリスト!$A:$B,2,0),"") -> 00000000000000000000000000000000000000000000000000000001 | U5: CrossBeam550_自動_1.tif | V5: 80 | W5: Auto | X5: 顕微法 | Y5: 走査電子顕微鏡
A6: =IF(U6<>"",U6,"") -> CrossBeam550_手動_1.tif | B6: TEST_CB550 | C6: RDE,User01 | D6: =IFERROR(VLOOKUP(C6,ユーザーリスト!$A:$B,2,0),"") -> 00000000000000000000000000000000000000000000000000000001 | I6: 10 | J6: RDE,User01 | K6: =IFERROR(VLOOKUP(J6,ユーザーリスト!$A:$B,2,0),"") -> 00000000000000000000000000000000000000000000000000000001 | U6: CrossBeam550_手動_1.tif | V6: 81 | W6: Manual | X6: 顕微法 | Y6: 走査電子顕微鏡 | Z6: =IF(T6<>"","calculation","") | AD6: =IF(T6<>"","Linux","")
A7: =IF(U7<>"",U7,"") | C7: =IF(U7<>"","NAGAO,Hiroko","") | D7: =IFERROR(VLOOKUP(C7,ユーザーリスト!$A:$B,2,0),"") | I7: {=IF(U7<>"",INDEX(_xlfn.TEXTSPLIT(#REF!,"_"),2),"")} | J7: =IF(U7<>"","NAGAO,Hiroko","") | K7: =IFERROR(VLOOKUP(J7,ユーザーリスト!$A:$B,2,0),"") | X7: =IF(T7<>"","蓄電池電解液","") | Y7: =IF(T7<>"","calculation","") | Z7: =IF(T7<>"","calculation","") | AD7: =IF(T7<>"","Linux","")
A8: =IF(U8<>"",U8,"") | C8: =IF(U8<>"","NAGAO,Hiroko","") | D8: =IFERROR(VLOOKUP(C8,ユーザーリスト!$A:$B,2,0),"") | I8: {=IF(U8<>"",INDEX(_xlfn.TEXTSPLIT(#REF!,"_"),2),"")} | J8: =IF(U8<>"","NAGAO,Hiroko","") | K8: =IFERROR(VLOOKUP(J8,ユーザーリスト!$A:$B,2,0),"") | X8: =IF(T8<>"","蓄電池電解液","") | Y8: =IF(T8<>"","calculation","") | Z8: =IF(T8<>"","calculation","") | AD8: =IF(T8<>"","Linux","")
A9: =IF(U9<>"",U9,"") | C9: =IF(U9<>"","NAGAO,Hiroko","") | D9: =IFERROR(VLOOKUP(C9,ユーザーリスト!$A:$B,2,0),"") | I9: {=IF(U9<>"",INDEX(_xlfn.TEXTSPLIT(#REF!,"_"),2),"")} | J9: =IF(U9<>"","NAGAO,Hiroko","") | K9: =IFERROR(VLOOKUP(J9,ユーザーリスト!$A:$B,2,0),"") | X9: =IF(T9<>"","蓄電池電解液","") | Y9: =IF(T9<>"","calculation","") | Z9: =IF(T9<>"","calculation","") | AD9: =IF(T9<>"","Linux","")
A10: =IF(U10<>"",U10,"") | C10: =IF(U10<>"","NAGAO,Hiroko","") | D10: =IFERROR(VLOOKUP(C10,ユーザーリスト!$A:$B,2,0),"") | I10: {=IF(U10<>"",INDEX(_xlfn.TEXTSPLIT(#REF!,"_"),2),"")} | J10: =IF(U10<>"","NAGAO,Hiroko","") | K10: =IFERROR(VLOOKUP(J10,ユーザーリスト!$A:$B,2,0),"") | X10: =IF(T10<>"","蓄電池電解液","") | Y10: =IF(T10<>"","calculation","") | Z10: =IF(T10<>"","calculation","") | AD10: =IF(T10<>"","Linux","")
A11: =IF(U11<>"",U11,"") | C11: =IF(U11<>"","NAGAO,Hiroko","") | D11: =IFERROR(VLOOKUP(C11,ユーザーリスト!$A:$B,2,0),"") | I11: {=IF(U11<>"",INDEX(_xlfn.TEXTSPLIT(#REF!,"_"),2),"")} | J11: =IF(U11<>"","NAGAO,Hiroko","") | K11: =IFERROR(VLOOKUP(J11,ユーザーリスト!$A:$B,2,0),"") | X11: =IF(T11<>"","蓄電池電解液","") | Y11: =IF(T11<>"","calculation","") | Z11: =IF(T11<>"","calculation","") | AD11: =IF(T11<>"","Linux","")
A12: =IF(U12<>"",U12,"") | C12: =IF(U12<>"","NAGAO,Hiroko","") | D12: =IFERROR(VLOOKUP(C12,ユーザーリスト!$A:$B,2,0),"") | I12: {=IF(U12<>"",INDEX(_xlfn.TEXTSPLIT(#REF!,"_"),2),"")} | J12: =IF(U12<>"","NAGAO,Hiroko","") | K12: =IFERROR(VLOOKUP(J12,ユーザーリスト!$A:$B,2,0),"") | X12: =IF(T12<>"","蓄電池電解液","") | Y12: =IF(T12<>"","calculation","") | Z12: =IF(T12<>"","calculation","") | AD12: =IF(T12<>"","Linux","")
A13: =IF(U13<>"",U13,"") | C13: =IF(U13<>"","NAGAO,Hiroko","") | D13: =IFERROR(VLOOKUP(C13,ユーザーリスト!$A:$B,2,0),"") | I13: {=IF(U13<>"",INDEX(_xlfn.TEXTSPLIT(#REF!,"_"),2),"")} | J13: =IF(U13<>"","NAGAO,Hiroko","") | K13: =IFERROR(VLOOKUP(J13,ユーザーリスト!$A:$B,2,0),"") | X13: =IF(T13<>"","蓄電池電解液","") | Y13: =IF(T13<>"","calculation","") | Z13: =IF(T13<>"","calculation","") | AD13: =IF(T13<>"","Linux","")
A14: =IF(U14<>"",U14,"") | C14: =IF(U14<>"","NAGAO,Hiroko","") | D14: =IFERROR(VLOOKUP(C14,ユーザーリスト!$A:$B,2,0),"") | I14: {=IF(U14<>"",INDEX(_xlfn.TEXTSPLIT(#REF!,"_"),2),"")} | J14: =IF(U14<>"","NAGAO,Hiroko","") | K14: =IFERROR(VLOOKUP(J14,ユーザーリスト!$A:$B,2,0),"") | X14: =IF(T14<>"","蓄電池電解液","") | Y14: =IF(T14<>"","calculation","") | Z14: =IF(T14<>"","calculation","") | AD14: =IF(T14<>"","Linux","")
A15: =IF(U15<>"",U15,"") | C15: =IF(U15<>"","NAGAO,Hiroko","") | D15: =IFERROR(VLOOKUP(C15,ユーザーリスト!$A:$B,2,0),"") | I15: {=IF(U15<>"",INDEX(_xlfn.TEXTSPLIT(#REF!,"_"),2),"")} | J15: =IF(U15<>"","NAGAO,Hiroko","") | K15: =IFERROR(VLOOKUP(J15,ユーザーリスト!$A:$B,2,0),"") | X15: =IF(T15<>"","蓄電池電解液","") | Y15: =IF(T15<>"","calculation","") | Z15: =IF(T15<>"","calculation","") | AD15: =IF(T15<>"","Linux","")
A16: =IF(U16<>"",U16,"") | C16: =IF(U16<>"","NAGAO,Hiroko","") | D16: =IFERROR(VLOOKUP(C16,ユーザーリスト!$A:$B,2,0),"") | I16: {=IF(U16<>"",INDEX(_xlfn.TEXTSPLIT(#REF!,"_"),2),"")} | J16: =IF(U16<>"","NAGAO,Hiroko","") | K16: =IFERROR(VLOOKUP(J16,ユーザーリスト!$A:$B,2,0),"") | X16: =IF(T16<>"","蓄電池電解液","") | Y16: =IF(T16<>"","calculation","") | Z16: =IF(T16<>"","calculation","") | AD16: =IF(T16<>"","Linux","")
A17: =IF(U17<>"",U17,"") | C17: =IF(U17<>"","NAGAO,Hiroko","") | D17: =IFERROR(VLOOKUP(C17,ユーザーリスト!$A:$B,2,0),"") | I17: {=IF(U17<>"",INDEX(_xlfn.TEXTSPLIT(#REF!,"_"),2),"")} | J17: =IF(U17<>"","NAGAO,Hiroko","") | K17: =IFERROR(VLOOKUP(J17,ユーザーリスト!$A:$B,2,0),"") | X17: =IF(T17<>"","蓄電池電解液","") | Y17: =IF(T17<>"","calculation","") | Z17: =IF(T17<>"","calculation","") | AD17: =IF(T17<>"","Linux","")
A18: =IF(U18<>"",U18,"") | C18: =IF(U18<>"","NAGAO,Hiroko","") | D18: =IFERROR(VLOOKUP(C18,ユーザーリスト!$A:$B,2,0),"") | I18: {=IF(U18<>"",INDEX(_xlfn.TEXTSPLIT(#REF!,"_"),2),"")} | J18: =IF(U18<>"","NAGAO,Hiroko","") | K18: =IFERROR(VLOOKUP(J18,ユーザーリスト!$A:$B,2,0),"") | X18: =IF(T18<>"","蓄電池電解液","") | Y18: =IF(T18<>"","calculation","") | Z18: =IF(T18<>"","calculation","") | AD18: =IF(T18<>"","Linux","")
... A100: =IF(U100<>"",U100,"") | C100: =IF(U100<>"","NAGAO,Hiroko","") | D100: =IFERROR(VLOOKUP(C100,ユーザーリスト!$A:$B,2,0),"") | I100: {=IF(U100<>"",INDEX(_xlfn.TEXTSPLIT(#REF!,"_"),2),"")} | J100: =IF(U100<>"","NAGAO,Hiroko","") | K100: =IFERROR(VLOOKUP(J100,ユーザーリスト!$A:$B,2,0),"") | X100: =IF(T100<>"","蓄電池電解液","") | Y100: =IF(T100<>"","calculation","") | Z100: =IF(T100<>"","calculation","") | AD100: =IF(T100<>"","Linux","")
A101: =IF(U101<>"",U101,"") | D101: =IFERROR(VLOOKUP(C101,ユーザーリスト!$A:$B,2,0),"") | I101: {=IF(U101<>"",INDEX(_xlfn.TEXTSPLIT(#REF!,"_"),2),"")} | K101: =IFERROR(VLOOKUP(J101,ユーザーリスト!$A:$B,2,0),"")
A102: =IF(U102<>"",U102,"") | D102: =IFERROR(VLOOKUP(C102,ユーザーリスト!$A:$B,2,0),"") | I102: {=IF(U102<>"",INDEX(_xlfn.TEXTSPLIT(#REF!,"_"),2),"")} | K102: =IFERROR(VLOOKUP(J102,ユーザーリスト!$A:$B,2,0),"")
A103: =IF(U103<>"",U103,"") | D103: =IFERROR(VLOOKUP(C103,ユーザーリスト!$A:$B,2,0),"") | I103: {=IF(U103<>"",INDEX(_xlfn.TEXTSPLIT(#REF!,"_"),2),"")} | K103: =IFERROR(VLOOKUP(J103,ユーザーリスト!$A:$B,2,0),"")
A104: =IF(U104<>"",U104,"") | D104: =IFERROR(VLOOKUP(C104,ユーザーリスト!$A:$B,2,0),"") | I104: {=IF(U104<>"",INDEX(_xlfn.TEXTSPLIT(#REF!,"_"),2),"")} | K104: =IFERROR(VLOOKUP(J104,ユーザーリスト!$A:$B,2,0),"")
A105: =IF(U105<>"",U105,"") | D105: =IFERROR(VLOOKUP(C105,ユーザーリスト!$A:$B,2,0),"") | I105: {=IF(U105<>"",INDEX(_xlfn.TEXTSPLIT(#REF!,"_"),2),"")} | K105: =IFERROR(VLOOKUP(J105,ユーザーリスト!$A:$B,2,0),"")
A106: =IF(U106<>"",U106,"") | D106: =IFERROR(VLOOKUP(C106,ユーザーリスト!$A:$B,2,0),"") | I106: {=IF(U106<>"",INDEX(_xlfn.TEXTSPLIT(#REF!,"_"),2),"")} | K106: =IFERROR(VLOOKUP(J106,ユーザーリスト!$A:$B,2,0),"")
A107: =IF(U107<>"",U107,"") | D107: =IFERROR(VLOOKUP(C107,ユーザーリスト!$A:$B,2,0),"") | I107: {=IF(U107<>"",INDEX(_xlfn.TEXTSPLIT(#REF!,"_"),2),"")} | K107: =IFERROR(VLOOKUP(J107,ユーザーリスト!$A:$B,2,0),"")
A108: =IF(U108<>"",U108,"") | D108: =IFERROR(VLOOKUP(C108,ユーザーリスト!$A:$B,2,0),"") | I108: {=IF(U108<>"",INDEX(_xlfn.TEXTSPLIT(#REF!,"_"),2),"")} | K108: =IFERROR(VLOOKUP(J108,ユーザーリスト!$A:$B,2,0),"")
A109: =IF(U109<>"",U109,"") | D109: =IFERROR(VLOOKUP(C109,ユーザーリスト!$A:$B,2,0),"") | I109: {=IF(U109<>"",INDEX(_xlfn.TEXTSPLIT(#REF!,"_"),2),"")} | K109: =IFERROR(VLOOKUP(J109,ユーザーリスト!$A:$B,2,0),"")
A110: =IF(U110<>"",U110,"") | D110: =IFERROR(VLOOKUP(C110,ユーザーリスト!$A:$B,2,0),"") | I110: {=IF(U110<>"",INDEX(_xlfn.TEXTSPLIT(#REF!,"_"),2),"")} | K110: =IFERROR(VLOOKUP(J110,ユーザーリスト!$A:$B,2,0),"")
A111: =IF(U111<>"",U111,"") | D111: =IFERROR(VLOOKUP(C111,ユーザーリスト!$A:$B,2,0),"") | I111: {=IF(U111<>"",INDEX(_xlfn.TEXTSPLIT(#REF!,"_"),2),"")} | K111: =IFERROR(VLOOKUP(J111,ユーザーリスト!$A:$B,2,0),"")
A112: =IF(U112<>"",U112,"") | D112: =IFERROR(VLOOKUP(C112,ユーザーリスト!$A:$B,2,0),"") | I112: {=IF(U112<>"",INDEX(_xlfn.TEXTSPLIT(#REF!,"_"),2),"")} | K112: =IFERROR(VLOOKUP(J112,ユーザーリスト!$A:$B,2,0),"")
... A136: =IF(U136<>"",U136,"") | D136: =IFERROR(VLOOKUP(C136,ユーザーリスト!$A:$B,2,0),"") | I136: {=IF(U136<>"",INDEX(_xlfn.TEXTSPLIT(#REF!,"_"),2),"")} | K136: =IFERROR(VLOOKUP(J136,ユーザーリスト!$A:$B,2,0),"")

Sheet specificTerm
A1: sample_class_id | B1: term_id | C1: key_name
A2: 01cb3c01-37a4-5a43-d8ca-f523ca99a75b | B2: 3250c45d-0ed6-1438-43b5-eb679918604a | C2: sample.specific.organic.chemical-formula
A3: 01cb3c01-37a4-5a43-d8ca-f523ca99a75b | B3: 70c2c751-5404-19b7-4a5e-981e6cebbb15 | C3: sample.specific.organic.name
A4: 01cb3c01-37a4-5a43-d8ca-f523ca99a75b | B4: e2d20d02-2e38-2cd3-b1b3-66fdb8a11057 | C4: sample.specific.organic.cas-number
A5: 01cb3c01-37a4-5a43-d8ca-f523ca99a75b | B5: 518e26a0-4262-86f5-3598-80e18e6ff2af | C5: sample.specific.organic.pubchem
A6: 01cb3c01-37a4-5a43-d8ca-f523ca99a75b | B6: 3a775d54-5c13-fe66-6405-29c05bc931ce | C6: sample.specific.organic.viscosity
A7: 01cb3c01-37a4-5a43-d8ca-f523ca99a75b | B7: 659da80e-c2ee-2986-41ce-68201b3bc4dd | C7: sample.specific.organic.boiling-point
A8: 01cb3c01-37a4-5a43-d8ca-f523ca99a75b | B8: 4efc4c3b-727c-c752-cf28-701b55dba1af | C8: sample.specific.organic.melting-temperature
A9: 932e4fe1-9724-305f-ffc5-1908c31c83e5 | B9: 70c2c751-5404-19b7-4a5e-981e6cebbb15 | C9: sample.specific.inorganic.name
A10: 932e4fe1-9724-305f-ffc5-1908c31c83e5 | B10: 3250c45d-0ed6-1438-43b5-eb679918604a | C10: sample.specific.inorganic.chemical-formula
A11: 932e4fe1-9724-305f-ffc5-1908c31c83e5 | B11: f63149a4-e57c-4273-4c1e-dffa41356d28 | C11: sample.specific.inorganic.space-group
A12: a674a8ef-efa8-9497-4ed4-74de55fafddb | B12: 3250c45d-0ed6-1438-43b5-eb679918604a | C12: sample.specific.metals.chemical-formula
... A36: 01cb3c01-37a4-5a43-d8ca-f523ca99a75b | B36: 3edadcff-8a85-51d9-708f-8f76bf055377 | C36: sample.specific.organic-material.inchi-key

Sheet generalTerm
A1: term_id | B1: key_name
A2: 33c6e9dc-5787-0f96-7683-f39281c60419 | B2: sample.general.composiiton
A3: f2d5e89e-01f0-66a2-5d8e-623a4fc31698 | B3: sample.general.material-name
A4: a7a6fc7b-ed46-88b0-bba8-a1e34857a049 | B4: sample.general.sample-alias
A5: e2d20d02-2e38-2cd3-b1b3-66fdb8a11057 | B5: sample.general.cas-number
A6: 1e70d11d-cbdd-bfd1-9301-9612c29b4060 | B6: sample.general.purchase-date
A7: 1d3cab05-3eaa-cb9b-9a3f-20eb0ca26963 | B7: sample.general.crystalline-state
A8: efcf34e7-4308-c195-6691-6f4d28ffc9bb | B8: sample.general.crystal-structure
A9: e9617207-7f74-ef45-9b05-74eef6e4ecbb | B9: sample.general.pearson-symbol
A10: f63149a4-e57c-4273-4c1e-dffa41356d28 | B10: sample.general.space-group
A11: 7cc57dfb-8b70-4b3a-5315-fbce4cbf73d0 | B11: sample.general.sample-shape
A12: efc6a0d5-313e-1871-190c-baaff7d1bf6c | B12: sample.general.smiles-string
... A25: 0d0417a3-3c3b-496a-b0fb-5a26f8a74166 | B25: sample.general.lot-number-or-product-number-etc

Sheet ユーザーリスト
A1: RDEユーザー名 | B1: RDEユーザーID
A2: RDE,User01 | B2: 00000000000000000000000000000000000000000000000000000001 | D2: ユーザー名とIDの表示場所
A3: RDE,User02 | B3: 00000000000000000000000000000000000000000000000000000002
A4: RDE,User03 | B4: 00000000000000000000000000000000000000000000000000000003
A5: RDE,User04 | B5: 00000000000000000000000000000000000000000000000000000004
